{
    "Delft": {
        "minLon": 4.233957386562246,
        "minLat": 51.921236318266814,
        "maxLon": 4.403037936702511,
        "maxLat": 52.0619472001852
    },
    "Den Haag Centrum": {
        "minLon": 4.284162422986,
        "minLat": 52.04730747713624,
        "maxLon": 4.37351433096221,
        "maxLat": 52.1091737593127
    },
    "Den Haag Leyenburg": {
        "minLon": 4.071217927850176,
        "minLat": 51.93372746198726,
        "maxLon": 4.309819261985918,
        "maxLat": 52.0851515096031
    },
    "Dordrecht": {
        "minLon": 4.479915515952653,
        "minLat": 51.71412355026575,
        "maxLon": 4.884642512703534,
        "maxLat": 51.90303171886302
    },
    "Gouda": {
        "minLon": 4.546339275704413,
        "minLat": 51.933492266917035,
        "maxLon": 4.757329807970915,
        "maxLat": 52.077049713532475
    },
    "Leiden": {
        "minLon": 4.290063187400035,
        "minLat": 52.08051073085927,
        "maxLon": 4.57148091005871,
        "maxLat": 52.225243686910815
    },
    "Leidschendam": {
        "minLon": 4.335213191785414,
        "minLat": 52.026425810847144,
        "maxLon": 4.493018074186694,
        "maxLat": 52.1289798925208
    },
    "Rotterdam Centrum": {
        "minLon": 4.379309465781534,
        "minLat": 51.90061682502523,
        "maxLon": 4.499891066826513,
        "maxLat": 51.97620957052015
    },
    "Rotterdam Kralingen": {
        "minLon": 4.459653892029893,
        "minLat": 51.90049254875115,
        "maxLon": 4.61948862491547,
        "maxLat": 51.99428155100513
    },
    "Rotterdam Zuid": {
        "minLon": 4.434700304866632,
        "minLat": 51.862323457593185,
        "maxLon": 4.576328454475952,
        "maxLat": 51.91940689400488
    },
    "Pijnacker": {
        "minLon": 4.372640431285655,
        "minLat": 51.96028628387748,
        "maxLon": 4.565201436816188,
        "maxLat": 52.061741161404356
    },
    "Scheveningen": {
        "minLon": 4.21867899221906,
        "minLat": 52.0626439567831,
        "maxLon": 4.32883574123165,
        "maxLat": 52.1350366440651
    },
    "Spijkenisse": {
        "minLon": 4.15028257,
        "minLat": 51.7827717,
        "maxLon": 4.492227115052006,
        "maxLat": 51.89935552597996
    },
    "Vlaardingen": {
        "minLon": 4.212717692475519,
        "minLat": 51.894275620776945,
        "maxLon": 4.41771292742039,
        "maxLat": 51.96340662530127
    },
    "Zoetermeer": {
        "minLon": 4.42140419990311,
        "minLat": 52.03128057457791,
        "maxLon": 4.557686358181698,
        "maxLat": 52.093290330207395
    }
}