{
    "Albrandswaard": {
        "minLon": 4.383664525194044,
        "minLat": 51.83186385317852,
        "maxLon": 4.492227115052006,
        "maxLat": 51.87319819469963
    },
    "Barendrecht": {
        "minLon": 4.479915515952653,
        "minLat": 51.8298542395766,
        "maxLon": 4.571349811943064,
        "maxLat": 51.87402722918701
    },
    "Capelle aan den IJssel": {
        "minLon": 4.537311707348321,
        "minLat": 51.90620455566457,
        "maxLon": 4.61948862491547,
        "maxLat": 51.96550383965249
    },
    "Delft": {
        "minLon": 4.320635737876352,
        "minLat": 51.96631631289149,
        "maxLon": 4.407910876727222,
        "maxLat": 52.03259880702617
    },
    "Den Haag - Centrum": {
        "minLon": 4.28404320318733,
        "minLat": 52.0564370654867,
        "maxLon": 4.33383976539671,
        "maxLat": 52.0986376859557
    },
    "Den Haag - Escamp": {
        "minLon": 4.23505402070668,
        "minLat": 52.0148485638422,
        "maxLon": 4.31009257183553,
        "maxLat": 52.0705602384913
    },
    "Den Haag - Haagse Hout": {
        "minLon": 4.30625403012855,
        "minLat": 52.0749915180562,
        "maxLon": 4.37351433096221,
        "maxLat": 52.1091737593127
    },
    "Den Haag - Laak": {
        "minLon": 4.30817989925432,
        "minLat": 52.0486127914319,
        "maxLon": 4.35551860894452,
        "maxLat": 52.075286468631
    },
    "Den Haag - Leidschenveen-Ypenburg": {
        "minLon": 4.3406155704377,
        "minLat": 52.0265462598278,
        "maxLon": 4.42248934454863,
        "maxLat": 52.0778455864142
    },
    "Den Haag - Loosduinen": {
        "minLon": 4.18499824760806,
        "minLat": 52.0307116441012,
        "maxLon": 4.26413459100625,
        "maxLat": 52.0851515096031
    },
    "Den Haag - Segbroek": {
        "minLon": 4.21867899221906,
        "minLat": 52.0626442860293,
        "maxLon": 4.29695959530024,
        "maxLat": 52.0948747276725
    },
    "Den Haag - Scheveningen": {
        "minLon": 4.23166186871792,
        "minLat": 52.0787558567205,
        "maxLon": 4.32883574123165,
        "maxLat": 52.1350366440651
    },
    "Dordrecht": {
        "minLon": 4.620403882559319,
        "minLat": 51.71412355026575,
        "maxLon": 4.884642512703534,
        "maxLat": 51.823308717119914
    },
    "Gouda": {
        "minLon": 4.659454559540474,
        "minLat": 51.99625804060124,
        "maxLon": 4.757329807970915,
        "maxLat": 52.04011969727037
    },
    "Katwijk": {
        "minLon": 4.3600017737372,
        "minLat": 52.1556529823763,
        "maxLon": 4.466462465273803,
        "maxLat": 52.225243686910815
    },
    "Krimpen aan den IJssel": {
        "minLon": 4.549238435723622,
        "minLat": 51.902367493671626,
        "maxLon": 4.643019107849605,
        "maxLat": 51.931050140204555
    },
    "Lansingerland": {
        "minLon": 4.424221526173239,
        "minLat": 51.96028628387748,
        "maxLon": 4.565201436816188,
        "maxLat": 52.061741161404356
    },
    "Leiden": {
        "minLon": 4.438865157383573,
        "minLat": 52.118951609278014,
        "maxLon": 4.524037681508808,
        "maxLat": 52.184605768278445
    },
    "Leiderdorp": {
        "minLon": 4.514699206158379,
        "minLat": 52.1319033311362,
        "maxLon": 4.57148091005871,
        "maxLat": 52.18211625718503
    },
    "Leidschendam-Voorburg": {
        "minLon": 4.335213191785414,
        "minLat": 52.056254710273514,
        "maxLon": 4.493018074186694,
        "maxLat": 52.1289798925208
    },
    "Maassluis": {
        "minLon": 4.212717692475519,
        "minLat": 51.90533504107132,
        "maxLon": 4.292611009046025,
        "maxLat": 51.94799150068103
    },
    "Midden-Delfland": {
        "minLon": 4.233957386562246,
        "minLat": 51.921236318266814,
        "maxLon": 4.403037936702511,
        "maxLat": 52.01992168063181
    },
    "Nissewaard": {
        "minLon": 4.15028257,
        "minLat": 51.7827717,
        "maxLon": 4.43248233,
        "maxLat": 51.8729859
    },
    "Oegstgeest": {
        "minLon": 4.434946833919399,
        "minLat": 52.16205195520211,
        "maxLon": 4.497562227170525,
        "maxLat": 52.20479892440991
    },
    "Pijnacker-Nootdorp": {
        "minLon": 4.372640431285655,
        "minLat": 51.968198604239646,
        "maxLon": 4.476790254218296,
        "maxLat": 52.05405389922738
    },
    "Ridderkerk": {
        "minLon": 4.54925330224498,
        "minLat": 51.8387300768491,
        "maxLon": 4.647330743109127,
        "maxLat": 51.90303171886302
    },
    "Rijswijk": {
        "minLon": 4.290951689685744,
        "minLat": 52.01279331194884,
        "maxLon": 4.357790282455247,
        "maxLat": 52.06180589319093
    },
    "Rotterdam - Overschie": {
        "minLon": 4.374755873173892,
        "minLat": 51.92860885153369,
        "maxLon": 4.458866969036982,
        "maxLat": 51.98029268856567
    },
    "Rotterdam - Feijenoord": {
        "minLon": 4.464566966498128,
        "minLat": 51.87803483053068,
        "maxLon": 4.522881727400276,
        "maxLat": 51.91930739861728
    },
    "Rotterdam - Kralingen": {
        "minLon": 4.482864668063624,
        "minLat": 51.900904233979496,
        "maxLon": 4.540474376112494,
        "maxLat": 51.95091307089368
    },
    "Rotterdam - Centrum": {
        "minLon": 4.451675015501301,
        "minLat": 51.90158149150412,
        "maxLon": 4.497517956092889,
        "maxLat": 51.92789562774887
    },
    "Rotterdam - Noord": {
        "minLon": 4.428799909812685,
        "minLat": 51.92427941296234,
        "maxLon": 4.487100683626634,
        "maxLat": 51.945093601542695
    },
    "Rotterdam - Charlois": {
        "minLon": 4.43611153065851,
        "minLat": 51.861550722776315,
        "maxLon": 4.511889948237266,
        "maxLat": 51.90126646560006
    },
    "Rotterdam - Prins Alexander": {
        "minLon": 4.523394069260594,
        "minLat": 51.90443952468057,
        "maxLon": 4.6019807833254776,
        "maxLat": 51.996988419226014
    },
    "Rotterdam - Delfshaven": {
        "minLon": 4.407426084924069,
        "minLat": 51.90061682502523,
        "maxLon": 4.4628082196672105,
        "maxLat": 51.924895014040914
    },
    "Rotterdam - Pernis": {
        "minLon": 4.372350094003705,
        "minLat": 51.87997957759996,
        "maxLon": 4.392446949543805,
        "maxLat": 51.89645212477069
    },
    "Rotterdam - Hillegersberg-Schiebroek": {
        "minLon": 4.455074914014207,
        "minLat": 51.94220795141644,
        "maxLon": 4.527289214303797,
        "maxLat": 51.983117645627836
    },
    "Rotterdam - Hoogvliet": {
        "minLon": 4.323273545836686,
        "minLat": 51.8423026721512,
        "maxLon": 4.38098582586568,
        "maxLat": 51.87903642665173
    },
    "Rotterdam - IJsselmonde": {
        "minLon": 4.503383208410902,
        "minLat": 51.86894211037435,
        "maxLon": 4.575329163823197,
        "maxLat": 51.90641092531768
    },
    "Rotterdam - Hoek van Holland": {
        "minLon": 4.071217927850176,
        "minLat": 51.93848737024988,
        "maxLon": 4.209483920977043,
        "maxLat": 52.00720026810369
    },
    "Rotterdam - Rozenburg": {
        "minLon": 4.209452838558823,
        "minLat": 51.89971670513831,
        "maxLon": 4.257540447786159,
        "maxLat": 51.92644862803054
    },
    "Schiedam": {
        "minLon": 4.350671359308567,
        "minLat": 51.896779113175235,
        "maxLon": 4.41771292742039,
        "maxLat": 51.96340662530127
    },
    "Vlaardingen": {
        "minLon": 4.267571211073342,
        "minLat": 51.894275620776945,
        "maxLon": 4.370622684996174,
        "maxLat": 51.951506518989724
    },
    "Voorschoten": {
        "minLon": 4.401159065609488,
        "minLat": 52.10147024220151,
        "maxLon": 4.468578138428289,
        "maxLat": 52.149696716654944
    },
    "Waddinxveen": {
        "minLon": 4.591089428210862,
        "minLat": 52.01167989959699,